# рынок,Алюминий,HS,7601,год,2025,выгрузка,2026-10-01..2026-10-01
"# мировой итог, USD",79540741933,масса известна у доли стоимости,0.823,"мировой тоннаж, т",
rank,iso2,m49,method,usd,tonnes,share_usd,share_t,importers_used_for_mirror
1,RU,643,mirror,10078045293,3829777,0.1267,,45
2,AE,784,mirror,7638350062,2426612,0.09603,,58
3,CA,124,reported,7432194810,2560179,0.09344,,
4,MY,458,reported,5966616742,2343473,0.07501,,
5,IN,699,reported,4187707885,1509774,0.05265,,
6,NO,579,reported,4147864311,,0.05215,,
7,AU,36,reported,3931650324,1440113,0.04943,,
8,BH,48,mirror,3663545170,1162889,0.04606,,49
9,NL,528,reported,2643980643,873769,0.03324,,
10,IS,352,reported,2226050041,747305,0.02799,,
11,QA,634,mirror,1923028074,630949,0.02418,,37
12,IT,380,reported,1857693339,,0.02336,,
13,ZA,710,reported,1779661960,644293,0.02237,,
14,ID,360,reported,1597077629,,0.02008,,
15,CN,156,reported,1559814275,582311,0.01961,,
16,DE,276,reported,1411288661,466538,0.01774,,
17,MZ,508,reported,1340053519,,0.01685,,
18,US,842,reported,1157230718,369338,0.01455,,
19,AR,32,mirror,996478830,333822,0.01253,,18
20,BR,76,reported,832509243,,0.01047,,
21,NZ,554,reported,825694218,285484,0.01038,,
22,FR,251,reported,803492811,,0.0101,,
23,GB,826,reported,798131538,,0.01003,,
24,ES,724,reported,696644216,,0.00876,,
25,SE,752,reported,674309674,226269,0.00848,,
26,KZ,398,reported,609100459,243658,0.00766,,
27,PL,616,reported,607603235,,0.00764,,
28,OM,512,reported,607128652,261343,0.00763,,
29,KR,410,reported,605093473,,0.00761,,
30,DK,208,reported,559425193,,0.00703,,
31,IR,364,mirror,556864091,208255,0.007,,7
32,AT,40,reported,509466539,190940,0.00641,,
33,SA,682,reported,450048099,193919,0.00566,,
34,RO,642,reported,433287072,140646,0.00545,,
35,TH,764,reported,424603997,177976,0.00534,,
36,EG,818,reported,404117337,143368,0.00508,,
37,GR,300,reported,363762741,115536,0.00457,,
38,LU,442,reported,352268373,118736,0.00443,,
39,CZ,203,reported,293147825,109403,0.00369,,
40,TR,792,reported,277257184,95764,0.00349,,
41,SI,705,reported,264134530,86882,0.00332,,
42,HU,348,reported,218540690,75786,0.00275,,
43,NG,566,reported,185495414,81049,0.00233,,
44,VE,862,mirror,176862140,67209,0.00222,,16
45,GH,288,reported,147697599,70335,0.00186,,
46,BE,56,reported,146499731,54342,0.00184,,
47,AZ,31,reported,144268501,54042,0.00181,,
48,BA,70,reported,129816113,42861,0.00163,,
49,CH,757,reported,114000374,,0.00143,,
50,UA,804,mirror,107167531,43693,0.00135,,18
51,SK,703,reported,104508230,35657,0.00131,,
52,MA,504,reported,67696899,30358,0.00085,,
53,JP,392,reported,51740089,,0.00065,,
54,MX,484,reported,47742756,,0.0006,,
55,PK,586,reported,33877268,,0.00043,,
56,ME,499,reported,31691151,8499,0.0004,,
57,SG,702,reported,30918398,13115,0.00039,,
58,PH,608,reported,29865405,14171,0.00038,,
59,PT,620,reported,27800099,7683,0.00035,,
60,MN,496,mirror,23679789,12375,0.0003,,3
61,RS,688,reported,23616433,8623,0.0003,,
62,BG,100,reported,22414013,7786,0.00028,,
63,UZ,860,mirror,20196498,9347,0.00025,,5
64,MM,104,reported,17809843,6422,0.00022,,
65,IE,372,reported,17524085,6227,0.00022,,
66,HR,191,reported,14510946,5452,0.00018,,
67,TZ,834,reported,12794080,6267,0.00016,,
68,IQ,368,mirror,11684072,6149,0.00015,,6
69,GN,324,mirror,11389535,4913,0.00014,,6
70,GE,268,reported,11215922,4747,0.00014,,
71,ZM,894,mirror,10133473,4749,0.00013,,8
72,EE,233,reported,9125773,2193,0.00011,,
73,LV,428,reported,8616719,5178,0.00011,,
74,KG,417,reported,8570191,4957,0.00011,,
75,HK,344,reported,7160028,3035,9e-05,,
76,TG,768,reported,5871473,2818,7e-05,,
77,FI,246,reported,2866526,958,4e-05,,
78,IL,376,reported,2501000,878,3e-05,,
79,CD,180,mirror,2362514,937,3e-05,,2
80,CO,170,reported,2345271,923,3e-05,,
81,DO,214,reported,2342182,659,3e-05,,
82,BY,112,mirror,2052514,906,3e-05,,2
83,DZ,12,mirror,1631683,796,2e-05,,4
84,LY,434,mirror,936930,538,1e-05,,4
85,PE,604,mirror,795771,458,1e-05,,5
86,CL,152,reported,618597,402,1e-05,,
87,AM,51,reported,572328,250,1e-05,,
88,MD,498,reported,516127,206,1e-05,,
89,MW,454,reported,434780,725,1e-05,,
90,KE,404,reported,386782,123,0.0,,
91,EC,218,reported,300024,103,0.0,,
92,KW,414,reported,269764,462,0.0,,
93,MU,480,reported,213415,86,0.0,,
94,MK,807,reported,213287,80,0.0,,
95,LT,440,reported,178170,53,0.0,,
96,UG,800,reported,102583,48,0.0,,
97,AO,24,reported,98037,31,0.0,,
98,PA,591,reported,31500,132,0.0,,
99,BN,96,mirror,26563,56,0.0,,1
100,SS,728,reported,16276,6,0.0,,
101,GY,328,reported,2001,1,0.0,,
102,GT,320,reported,1168,0,0.0,,
103,LK,144,reported,1021,1,0.0,,
104,CI,384,reported,979,0,0.0,,
105,AD,20,reported,96,0,0.0,,
