# рынок,Уголь,HS,2701,год,2025,выгрузка,2026-10-01..2026-10-01
"# мировой итог, USD",121690303662,масса известна у доли стоимости,0.995,"мировой тоннаж, т",1296621587
rank,iso2,m49,method,usd,tonnes,share_usd,share_t,importers_used_for_mirror
1,AU,36,reported,41409603527,355643272,0.34029,0.27428,
2,ID,360,reported,24482764923,390925017,0.20119,0.3015,
3,RU,643,mirror,19008832944,181483666,0.15621,0.13997,28
4,US,842,reported,9970683193,52806850,0.08193,0.04073,
5,ZA,710,reported,5533963102,72121820,0.04548,0.05562,
6,MN,496,mirror,5385887011,83428658,0.04426,0.06434,2
7,CA,124,reported,5355471111,36808357,0.04401,0.02839,
8,CO,170,reported,4095057318,47796138,0.03365,0.03686,
9,MZ,508,reported,1667597336,16238725,0.0137,0.01252,
10,CN,156,reported,951740405,6589768,0.00782,0.00508,
11,PL,616,reported,827001385,4804085,0.0068,0.00371,
12,NL,528,reported,775013932,3896306,0.00637,0.003,
13,KZ,398,reported,611150730,29419423,0.00502,0.02269,
14,PH,608,reported,320659693,7455464,0.00264,0.00575,
15,CZ,203,reported,215098642,,0.00177,,
16,IN,699,reported,168791391,1877685,0.00139,0.00145,
17,GB,826,reported,141182203,,0.00116,,
18,DE,276,reported,121528823,676011,0.001,0.00052,
19,TZ,834,reported,115424489,1942975,0.00095,0.0015,
20,ES,724,reported,108931156,,0.0009,,
21,BE,56,reported,78938986,,0.00065,,
22,KG,417,reported,56246025,1231204,0.00046,0.00095,
23,TR,792,reported,51848087,424472,0.00043,0.00033,
24,FR,251,reported,47079319,,0.00039,,
25,IT,380,reported,42333719,,0.00035,,
26,IE,372,reported,27169121,80762,0.00022,6e-05,
27,EG,818,reported,16737862,45810,0.00014,4e-05,
28,FI,246,reported,16518686,247356,0.00014,0.00019,
29,NZ,554,reported,14449001,158002,0.00012,0.00012,
30,HR,191,reported,14262158,61593,0.00012,5e-05,
31,DK,208,reported,13975476,105010,0.00011,8e-05,
32,LT,440,reported,13785194,81479,0.00011,6e-05,
33,TH,764,reported,6059506,40566,5e-05,3e-05,
34,SI,705,reported,4740423,41143,4e-05,3e-05,
35,NG,566,reported,3792716,86155,3e-05,7e-05,
36,RO,642,reported,2707145,17218,2e-05,1e-05,
37,BG,100,reported,2679526,10231,2e-05,1e-05,
38,SA,682,reported,2105756,15563,2e-05,1e-05,
39,JP,392,reported,1450896,2857,1e-05,0.0,
40,CL,152,reported,1301710,22927,1e-05,2e-05,
41,SK,703,reported,1183050,4933,1e-05,0.0,
42,RS,688,reported,1142414,,1e-05,,
43,KE,404,reported,1107400,5976,1e-05,0.0,
44,PT,620,reported,483688,15736,0.0,1e-05,
45,MY,458,reported,367035,,0.0,,
46,LV,428,reported,278215,5579,0.0,0.0,
47,SE,752,reported,237960,1296,0.0,0.0,
48,SG,702,reported,183862,100,0.0,0.0,
49,BR,76,reported,183231,188,0.0,0.0,
50,MA,504,reported,114727,484,0.0,0.0,
51,KR,410,reported,111684,155,0.0,0.0,
52,AT,40,reported,102953,98,0.0,0.0,
53,DO,214,reported,52311,73,0.0,0.0,
54,HU,348,reported,43273,21,0.0,0.0,
55,AM,51,reported,38596,163,0.0,0.0,
56,BA,70,reported,27135,132,0.0,0.0,
57,LU,442,reported,19753,6,0.0,0.0,
58,GR,300,reported,17857,25,0.0,0.0,
59,OM,512,reported,17636,50,0.0,0.0,
60,CH,757,reported,13578,,0.0,,
61,HK,344,reported,6813,3,0.0,0.0,
62,MT,470,reported,3607,0,0.0,0.0,
63,TT,780,reported,791,0,0.0,0.0,
64,BT,64,reported,696,4,0.0,0.0,
65,GE,268,reported,450,0,0.0,0.0,
66,KW,414,reported,219,0,0.0,0.0,
67,MW,454,reported,34,0,0.0,0.0,
68,CI,384,reported,34,0,0.0,0.0,
69,IS,352,reported,26,0,0.0,0.0,
70,AZ,31,reported,9,0,0.0,0.0,
