# рынок,Медь рафинированная и сплавы,HS,7403,год,2025,выгрузка,2026-10-01..2026-10-01
"# мировой итог, USD",107007558064,масса известна у доли стоимости,0.932,"мировой тоннаж, т",10063086
rank,iso2,m49,method,usd,tonnes,share_usd,share_t,importers_used_for_mirror
1,CD,180,mirror,23846389503,2398108,0.22285,0.23831,26
2,CL,152,reported,17498049039,1671531,0.16352,0.16611,
3,CN,156,reported,7984841826,794786,0.07462,0.07898,
4,JP,392,reported,6664041084,706451,0.06228,0.0702,
5,RU,643,mirror,5259816830,541284,0.04915,0.05379,12
6,KZ,398,reported,4146029231,448796,0.03875,0.0446,
7,AU,36,reported,3928252577,416817,0.03671,0.04142,
8,PL,616,reported,2793267157,,0.0261,,
9,ZM,894,mirror,2591888411,261762,0.02422,0.02601,21
10,ID,360,reported,2590104243,271450,0.0242,0.02697,
11,PE,604,mirror,2567124931,240280,0.02399,0.02388,20
12,BG,100,reported,2111122540,209560,0.01973,0.02082,
13,CA,124,reported,2101425904,203447,0.01964,0.02022,
14,KR,410,reported,2004975818,203872,0.01874,0.02026,
15,US,842,reported,1964640123,190582,0.01836,0.01894,
16,DE,276,reported,1790992951,175149,0.01674,0.01741,
17,AT,40,reported,1581462027,143696,0.01478,0.01428,
18,RS,688,reported,1566466554,,0.01464,,
19,BE,56,reported,1485744918,,0.01388,,
20,ES,724,reported,1148852387,114552,0.01074,0.01138,
21,FI,246,reported,976322262,98158,0.00912,0.00975,
22,CG,178,mirror,872527269,89292,0.00815,0.00887,21
23,NL,528,reported,849636949,98553,0.00794,0.00979,
24,PK,586,reported,769853936,78936,0.00719,0.00784,
25,IN,699,reported,752030451,80100,0.00703,0.00796,
26,MM,104,reported,712893139,78982,0.00666,0.00785,
27,ZA,710,reported,601117582,60341,0.00562,0.006,
28,AE,784,mirror,532870676,58030,0.00498,0.00577,21
29,UZ,860,mirror,532664448,55232,0.00498,0.00549,5
30,FR,251,reported,508432348,,0.00475,,
31,TH,764,reported,480836302,,0.00449,,
32,SG,702,reported,462560853,52947,0.00432,0.00526,
33,MX,484,reported,450098554,,0.00421,,
34,TR,792,reported,440371650,47502,0.00412,0.00472,
35,IT,380,reported,389981332,35044,0.00364,0.00348,
36,IR,364,mirror,284403150,29331,0.00266,0.00291,4
37,MY,458,reported,182482098,24142,0.00171,0.0024,
38,NO,579,reported,181832312,18779,0.0017,0.00187,
39,MN,496,mirror,170134240,17937,0.00159,0.00178,1
40,QA,634,mirror,161317794,17338,0.00151,0.00172,2
41,HR,191,reported,127963315,13240,0.0012,0.00132,
42,NG,566,reported,109146645,12344,0.00102,0.00123,
43,MA,504,reported,86930142,10800,0.00081,0.00107,
44,BR,76,reported,72794430,9093,0.00068,0.0009,
45,PH,608,reported,72381116,9077,0.00068,0.0009,
46,RO,642,reported,50820554,5940,0.00047,0.00059,
47,PT,620,reported,48497062,4961,0.00045,0.00049,
48,NZ,554,reported,40257029,3689,0.00038,0.00037,
49,SA,682,reported,38888961,4623,0.00036,0.00046,
50,SE,752,reported,35041100,5252,0.00033,0.00052,
51,OM,512,reported,32591690,4097,0.0003,0.00041,
52,KW,414,reported,27758338,2022,0.00026,0.0002,
53,CZ,203,reported,25744841,4002,0.00024,0.0004,
54,DZ,12,mirror,23015639,3480,0.00022,0.00035,3
55,BO,68,reported,23006210,2363,0.00021,0.00023,
56,GN,324,mirror,19544253,2082,0.00018,0.00021,1
57,HK,344,reported,18743920,1880,0.00018,0.00019,
58,AZ,31,reported,18585326,2018,0.00017,0.0002,
59,EG,818,reported,17547067,1806,0.00016,0.00018,
60,KE,404,reported,16972755,3503,0.00016,0.00035,
61,CH,757,reported,14834971,,0.00014,,
62,GR,300,reported,13988022,,0.00013,,
63,GB,826,reported,13954856,2097,0.00013,0.00021,
64,LY,434,mirror,12290439,1445,0.00011,0.00014,4
65,IL,376,reported,10886000,1427,0.0001,0.00014,
66,LK,144,reported,10798980,1658,0.0001,0.00016,
67,AM,51,reported,8472890,,8e-05,,
68,BY,112,mirror,7269935,1120,7e-05,0.00011,2
69,MK,807,reported,6633464,660,6e-05,7e-05,
70,GH,288,reported,6530211,1798,6e-05,0.00018,
71,CY,196,reported,6407079,667,6e-05,7e-05,
72,HU,348,reported,6379571,,6e-05,,
73,DK,208,reported,6223795,692,6e-05,7e-05,
74,SK,703,reported,4123068,474,4e-05,5e-05,
75,LT,440,reported,3456070,453,3e-05,5e-05,
76,PY,600,reported,3159343,687,3e-05,7e-05,
77,TG,768,reported,2749095,4971,3e-05,0.00049,
78,IQ,368,mirror,2670083,324,2e-05,3e-05,3
79,MU,480,reported,2475464,328,2e-05,3e-05,
80,SI,705,reported,2437818,273,2e-05,3e-05,
81,VE,862,mirror,2234985,487,2e-05,5e-05,3
82,EC,218,reported,1836524,286,2e-05,3e-05,
83,LV,428,reported,1831896,229,2e-05,2e-05,
84,TT,780,reported,1713421,464,2e-05,5e-05,
85,UA,804,mirror,1518837,179,1e-05,2e-05,6
86,UY,858,reported,1219022,202,1e-05,2e-05,
87,TZ,834,reported,985201,506,1e-05,5e-05,
88,AR,32,mirror,913476,100,1e-05,1e-05,4
89,GT,320,reported,823555,475,1e-05,5e-05,
90,MW,454,reported,757746,,1e-05,,
91,GE,268,reported,717750,99,1e-05,1e-05,
92,TM,795,mirror,614423,74,1e-05,1e-05,2
93,AO,24,reported,549800,709,1e-05,7e-05,
94,KG,417,reported,487874,242,0.0,2e-05,
95,CO,170,reported,293130,42,0.0,0.0,
96,IE,372,reported,279885,36,0.0,0.0,
97,EE,233,reported,241036,29,0.0,0.0,
98,IS,352,reported,175237,133,0.0,1e-05,
99,UG,800,reported,159089,441,0.0,4e-05,
100,ME,499,reported,96950,11,0.0,0.0,
101,PA,591,reported,85500,122,0.0,1e-05,
102,LU,442,reported,80699,11,0.0,0.0,
103,BN,96,reported,44064,29,0.0,0.0,
104,FO,234,reported,26567,16,0.0,0.0,
105,BA,70,reported,23041,2,0.0,0.0,
106,CI,384,reported,20540,51,0.0,1e-05,
107,JM,388,reported,783,0,0.0,0.0,
108,DO,214,reported,83,0,0.0,0.0,
