# рынок,Медная руда и концентрат,HS,2603,год,2025,выгрузка,2026-10-01..2026-10-01
"# мировой итог, USD",121194329239,масса известна у доли стоимости,0.929,"мировой тоннаж, т",30290392
rank,iso2,m49,method,usd,tonnes,share_usd,share_t,importers_used_for_mirror
1,CL,152,reported,38843385180,3594280,0.3205,0.11866,
2,PE,604,mirror,24980238688,9608898,0.20612,0.31723,19
3,MN,496,mirror,5863556179,2073449,0.04838,0.06845,4
4,BR,76,reported,5012572123,,0.04136,,
5,ID,360,reported,4892334628,1459980,0.04037,0.0482,
6,CA,124,reported,4570373740,499276,0.03771,0.01648,
7,AU,36,reported,4417475933,1205087,0.03645,0.03978,
8,MX,484,reported,4122406903,1602679,0.03401,0.05291,
9,CD,180,mirror,3537331357,821985,0.02919,0.02714,7
10,US,842,reported,3536544956,,0.02918,,
11,RU,643,mirror,3403926257,976315,0.02809,0.03223,4
12,KZ,398,reported,2854928389,1424575,0.02356,0.04703,
13,RS,688,reported,2109236910,1061280,0.0174,0.03504,
14,EC,218,reported,1725039538,670741,0.01423,0.02214,
15,MY,458,reported,1669058160,1081688,0.01377,0.03571,
16,ES,724,reported,1375541684,704074,0.01135,0.02324,
17,PH,608,reported,885427249,289671,0.00731,0.00956,
18,SA,682,reported,775707708,335708,0.0064,0.01108,
19,AM,51,reported,664849303,355557,0.00549,0.01174,
20,TR,792,reported,629235262,405806,0.00519,0.0134,
21,BG,100,reported,554283341,350178,0.00457,0.01156,
22,TW,490,mirror,510759335,112760,0.00421,0.00372,10
23,CO,170,reported,499382978,52853,0.00412,0.00174,
24,PT,620,reported,442091211,237325,0.00365,0.00783,
25,MA,504,reported,400646875,204905,0.00331,0.00676,
26,KR,410,reported,358761007,177362,0.00296,0.00586,
27,TZ,834,reported,347772413,41481,0.00287,0.00137,
28,PA,591,reported,339850120,121707,0.0028,0.00402,
29,AE,784,mirror,271110812,115677,0.00224,0.00382,6
30,SE,752,reported,221937691,20216,0.00183,0.00067,
31,ZM,894,mirror,210771891,97903,0.00174,0.00323,9
32,ZA,710,reported,210654414,97657,0.00174,0.00322,
33,OM,512,reported,161864421,98144,0.00134,0.00324,
34,DO,214,reported,118019775,59625,0.00097,0.00197,
35,DE,276,reported,111468526,38451,0.00092,0.00127,
36,RO,642,reported,110692963,52351,0.00091,0.00173,
37,GE,268,reported,92368528,39913,0.00076,0.00132,
38,MK,807,reported,84183642,35000,0.00069,0.00116,
39,AZ,31,reported,56824905,29797,0.00047,0.00098,
40,FI,246,reported,47290708,17263,0.00039,0.00057,
41,IN,699,reported,39886347,14702,0.00033,0.00049,
42,BO,68,reported,31630585,22283,0.00026,0.00074,
43,IR,364,mirror,25432685,17888,0.00021,0.00059,3
44,CG,178,mirror,19518892,9757,0.00016,0.00032,1
45,HK,344,reported,17547936,8156,0.00014,0.00027,
46,FR,251,reported,17239913,4307,0.00014,0.00014,
47,SG,702,reported,6027403,5451,5e-05,0.00018,
48,NL,528,reported,5019993,1663,4e-05,5e-05,
49,PK,586,reported,4270423,19970,4e-05,0.00066,
50,KE,404,reported,3130184,6107,3e-05,0.0002,
51,BE,56,reported,1608132,507,1e-05,2e-05,
52,IT,380,reported,530228,79,0.0,0.0,
53,NG,566,mirror,515118,958,0.0,3e-05,4
54,GB,826,reported,462563,,0.0,,
55,AR,32,mirror,319373,1585,0.0,5e-05,3
56,MZ,508,reported,291009,2916,0.0,0.0001,
57,CN,156,reported,226483,1147,0.0,4e-05,
58,DK,208,reported,179409,0,0.0,0.0,
59,TH,764,reported,177592,729,0.0,2e-05,
60,UZ,860,mirror,74460,35,0.0,0.0,6
61,NO,579,reported,67105,20,0.0,0.0,
62,IL,376,reported,60000,29,0.0,0.0,
63,PL,616,reported,54404,75,0.0,0.0,
64,VE,862,mirror,47116,92,0.0,0.0,1
65,TG,768,reported,31915,100,0.0,0.0,
66,LV,428,reported,25515,127,0.0,0.0,
67,CH,757,reported,22854,0,0.0,0.0,
68,EG,818,mirror,15519,62,0.0,0.0,1
69,LY,434,mirror,4969,16,0.0,0.0,1
70,HU,348,reported,4456,13,0.0,0.0,
71,UA,804,mirror,554,0,0.0,0.0,1
72,IS,352,reported,216,0,0.0,0.0,
73,GT,320,reported,75,0,0.0,0.0,
74,LU,442,reported,50,0,0.0,0.0,
75,IE,372,reported,38,0,0.0,0.0,
76,UG,800,reported,20,0,0.0,0.0,
77,AO,24,mirror,3,0,0.0,0.0,1
