# рынок,Кукуруза,HS,1005,год,2025,выгрузка,2026-10-01..2026-10-01
"# мировой итог, USD",47396180967,масса известна у доли стоимости,0.98,"мировой тоннаж, т",195144327
rank,iso2,m49,method,usd,tonnes,share_usd,share_t,importers_used_for_mirror
1,US,842,reported,18878400950,80774354,0.39831,0.41392,
2,BR,76,reported,8587958975,40978229,0.1812,0.20999,
3,AR,32,reported,5977359192,28624609,0.12611,0.14668,
4,UA,804,mirror,3535835588,13733714,0.0746,0.07038,48
5,FR,251,reported,2396840895,6137810,0.05057,0.03145,
6,PL,616,reported,783878386,3147535,0.01654,0.01613,
7,ZA,710,reported,757407935,3047083,0.01598,0.01561,
8,RO,642,reported,718172314,,0.01515,,
9,CA,124,reported,600297266,2759177,0.01267,0.01414,
10,PY,600,reported,596576169,3569988,0.01259,0.01829,
11,HU,348,reported,594850115,1341998,0.01255,0.00688,
12,MM,104,reported,405423049,1502734,0.00855,0.0077,
13,AT,40,reported,385635746,484782,0.00814,0.00248,
14,RU,643,mirror,354538297,1416049,0.00748,0.00726,21
15,IN,699,reported,274650016,805936,0.00579,0.00413,
16,DE,276,reported,269772954,741775,0.00569,0.0038,
17,RS,688,reported,250028191,847228,0.00528,0.00434,
18,HR,191,reported,244605970,909709,0.00516,0.00466,
19,TR,792,reported,201307556,441850,0.00425,0.00226,
20,TZ,834,reported,143641317,685013,0.00303,0.00351,
21,SK,703,reported,127729662,310261,0.00269,0.00159,
22,TH,764,reported,122038684,35123,0.00257,0.00018,
23,BG,100,reported,118724354,451526,0.0025,0.00231,
24,ES,724,reported,110251552,117797,0.00233,0.0006,
25,IT,380,reported,110195474,,0.00232,,
26,PK,586,reported,109138149,443502,0.0023,0.00227,
27,CZ,203,reported,88060422,337127,0.00186,0.00173,
28,CL,152,reported,70780978,14846,0.00149,8e-05,
29,NL,528,reported,68432904,189643,0.00144,0.00097,
30,GB,826,reported,57780006,,0.00122,,
31,BE,56,reported,57348924,,0.00121,,
32,MD,498,reported,53766866,200948,0.00113,0.00103,
33,SI,705,reported,51487299,189212,0.00109,0.00097,
34,IE,372,reported,37338059,141028,0.00079,0.00072,
35,PT,620,reported,32505950,105943,0.00069,0.00054,
36,KZ,398,reported,30824850,147492,0.00065,0.00076,
37,UG,800,reported,28638715,114126,0.0006,0.00058,
38,AU,36,reported,20233067,53740,0.00043,0.00028,
39,MX,484,reported,17473350,,0.00037,,
40,CI,384,reported,11489070,134041,0.00024,0.00069,
41,LU,442,reported,8775283,13801,0.00019,7e-05,
42,GR,300,reported,8566446,11867,0.00018,6e-05,
43,LT,440,reported,8368168,26699,0.00018,0.00014,
44,GT,320,reported,8321207,11283,0.00018,6e-05,
45,KE,404,reported,8192704,4040,0.00017,2e-05,
46,BO,68,reported,7746821,5654,0.00016,3e-05,
47,CN,156,reported,7132426,3860,0.00015,2e-05,
48,GE,268,reported,6045777,19685,0.00013,0.0001,
49,EG,818,reported,5877381,10854,0.00012,6e-05,
50,CO,170,reported,5845546,11944,0.00012,6e-05,
51,ID,360,reported,4928500,7722,0.0001,4e-05,
52,NZ,554,reported,4877238,2145,0.0001,1e-05,
53,BA,70,reported,3214538,4153,7e-05,2e-05,
54,LV,428,reported,2549092,9862,5e-05,5e-05,
55,KG,417,reported,2497891,28288,5e-05,0.00014,
56,MY,458,reported,2344836,6511,5e-05,3e-05,
57,PH,608,reported,2328436,547,5e-05,0.0,
58,DK,208,reported,2300946,2436,5e-05,1e-05,
59,MZ,508,reported,2201419,,5e-05,,
60,GH,288,reported,1892883,6445,4e-05,3e-05,
61,SV,222,reported,1728617,5555,4e-05,3e-05,
62,MK,807,reported,1374372,5013,3e-05,3e-05,
63,SE,752,reported,973034,565,2e-05,0.0,
64,DO,214,reported,879125,1390,2e-05,1e-05,
65,EC,218,reported,842896,180,2e-05,0.0,
66,CH,757,reported,760590,272,2e-05,0.0,
67,AO,24,reported,748035,1194,2e-05,1e-05,
68,BZ,84,reported,727985,3157,2e-05,2e-05,
69,LK,144,reported,621112,131,1e-05,0.0,
70,SA,682,reported,446963,1071,1e-05,1e-05,
71,ME,499,reported,291823,1076,1e-05,1e-05,
72,SG,702,reported,200996,76,0.0,0.0,
73,PA,591,reported,189289,44,0.0,0.0,
74,TG,768,reported,155048,163,0.0,0.0,
75,HK,344,reported,130576,47,0.0,0.0,
76,JM,388,reported,115897,,0.0,,
77,TT,780,reported,93517,44,0.0,0.0,
78,EE,233,reported,80693,10,0.0,0.0,
79,SS,728,reported,46900,241,0.0,0.0,
80,KR,410,reported,44353,6,0.0,0.0,
81,GY,328,reported,41687,80,0.0,0.0,
82,NO,579,reported,38667,16,0.0,0.0,
83,FJ,242,reported,36736,13,0.0,0.0,
84,JP,392,reported,36491,101,0.0,0.0,
85,AM,51,reported,28764,67,0.0,0.0,
86,KW,414,reported,27458,22,0.0,0.0,
87,FI,246,reported,25116,39,0.0,0.0,
88,MA,504,reported,23176,13,0.0,0.0,
89,OM,512,reported,22739,,0.0,,
90,MW,454,reported,10665,3,0.0,0.0,
91,CY,196,reported,4757,1,0.0,0.0,
92,BB,52,reported,2675,2,0.0,0.0,
93,IL,376,reported,2000,9,0.0,0.0,
94,UY,858,reported,1435,1,0.0,0.0,
95,IS,352,reported,20,0,0.0,0.0,
96,BT,64,reported,5,0,0.0,0.0,
