# рынок,Сырая нефть,HS,2709,год,2025,выгрузка,2026-10-01..2026-10-01
"# мировой итог, USD",1095836928872,масса известна у доли стоимости,0.913,"мировой тоннаж, т",2004181187
rank,iso2,m49,method,usd,tonnes,share_usd,share_t,importers_used_for_mirror
1,SA,682,reported,165239487592,318392329,0.15079,0.15886,
2,AE,784,mirror,104323165720,186442856,0.0952,0.09303,27
3,CA,124,reported,101296379118,204814894,0.09244,0.10219,
4,RU,643,mirror,100528791486,202493910,0.09174,0.10104,12
5,US,842,reported,100346331270,231399225,0.09157,0.11546,
6,IQ,368,mirror,87325560540,173144475,0.07969,0.08639,21
7,BR,76,reported,44669335456,,0.04076,,
8,NO,579,reported,42263065948,85290668,0.03857,0.04256,
9,KZ,398,reported,39977218101,76294266,0.03648,0.03807,
10,KW,414,reported,33955677474,67203518,0.03099,0.03353,
11,NG,566,reported,31237354303,,0.02851,,
12,LY,434,mirror,27552938571,50408387,0.02514,0.02515,23
13,AO,24,reported,24439674172,56779661,0.0223,0.02833,
14,OM,512,reported,21856647924,44192765,0.01995,0.02205,
15,GY,328,reported,17748041501,40731234,0.0162,0.02032,
16,GB,826,reported,17047795944,,0.01556,,
17,QA,634,mirror,16292043180,28931516,0.01487,0.01444,13
18,NL,528,reported,14969401187,29173792,0.01366,0.01456,
19,MX,484,reported,14795794088,29916163,0.0135,0.01493,
20,DZ,12,mirror,12687150966,21958488,0.01158,0.01096,22
21,AZ,31,reported,12091147469,23381285,0.01103,0.01167,
22,CO,170,reported,9930919822,23885872,0.00906,0.01192,
23,EC,218,reported,6985892558,17587916,0.00637,0.00878,
24,MY,458,reported,6671562171,11777448,0.00609,0.00588,
25,CG,178,mirror,6087066973,11366539,0.00555,0.00567,7
26,AR,32,reported,5959193624,12153680,0.00544,0.00606,
27,AU,36,reported,5920886266,13327969,0.0054,0.00665,
28,VE,862,mirror,4619073581,10775582,0.00422,0.00538,5
29,SS,728,reported,3255856020,6583136,0.00297,0.00328,
30,GH,288,reported,2643958811,4963887,0.00241,0.00248,
31,CN,156,reported,2249327046,4281326,0.00205,0.00214,
32,BN,96,reported,1870361127,3482101,0.00171,0.00174,
33,CI,384,reported,1803258084,3288361,0.00165,0.00164,
34,ID,360,reported,1555608937,3116504,0.00142,0.00156,
35,EG,818,reported,997037400,2015947,0.00091,0.00101,
36,CD,180,mirror,601977137,1169124,0.00055,0.00058,7
37,IT,380,reported,579404467,,0.00053,,
38,HR,191,reported,533274900,,0.00049,,
39,TT,780,reported,528854232,,0.00048,,
40,DK,208,reported,460572932,868985,0.00042,0.00043,
41,NZ,554,reported,381769406,685163,0.00035,0.00034,
42,TH,764,reported,342567933,,0.00031,,
43,MN,496,mirror,208132885,480381,0.00019,0.00024,1
44,ES,724,reported,166119005,,0.00015,,
45,PH,608,reported,131852350,238887,0.00012,0.00012,
46,MZ,508,reported,122594674,,0.00011,,
47,IR,364,mirror,111464489,207601,0.0001,0.0001,1
48,PE,604,mirror,102047556,214489,9e-05,0.00011,5
49,HU,348,reported,98005608,190665,9e-05,0.0001,
50,UA,804,mirror,90044791,198850,8e-05,0.0001,5
51,GT,320,reported,41739000,96535,4e-05,5e-05,
52,PK,586,reported,37474689,80530,3e-05,4e-05,
53,GN,324,mirror,36867356,69063,3e-05,3e-05,2
54,RO,642,reported,28483535,52468,3e-05,3e-05,
55,GR,300,reported,11785499,26930,1e-05,1e-05,
56,CL,152,mirror,10894557,24667,1e-05,1e-05,1
57,BE,56,reported,5987000,,1e-05,,
58,BB,52,reported,5064303,9692,0.0,0.0,
59,FR,251,reported,2383976,,0.0,,
60,LV,428,reported,1245382,4544,0.0,0.0,
61,DE,276,reported,1007027,2871,0.0,0.0,
62,LT,440,reported,546430,1919,0.0,0.0,
63,BA,70,reported,486543,1053,0.0,0.0,
64,ZA,710,reported,477991,478,0.0,0.0,
65,SE,752,reported,415102,,0.0,,
66,JP,392,reported,102705,207,0.0,0.0,
67,IE,372,reported,94413,253,0.0,0.0,
68,PL,616,reported,61756,10,0.0,0.0,
69,SG,702,reported,35318,,0.0,,
70,BG,100,reported,27805,48,0.0,0.0,
71,MD,498,reported,23501,50,0.0,0.0,
72,UG,800,reported,19414,,0.0,,
73,KE,404,reported,10981,23,0.0,0.0,
74,CZ,203,reported,3023,0,0.0,0.0,
75,CH,757,reported,1793,0,0.0,0.0,
76,KR,410,reported,1441,1,0.0,0.0,
77,DO,214,reported,813,,0.0,,
78,UY,858,reported,311,0,0.0,0.0,
79,FI,246,reported,186,0,0.0,0.0,
80,TG,768,reported,50,0,0.0,0.0,
81,IS,352,reported,49,0,0.0,0.0,
82,MW,454,reported,40,0,0.0,0.0,
83,AT,40,reported,26,0,0.0,0.0,
84,TM,795,mirror,26,0,0.0,0.0,1
85,SI,705,reported,26,0,0.0,0.0,
86,RS,688,reported,9,0,0.0,0.0,
87,ST,678,reported,2,0,0.0,0.0,
