# рынок,Удобрения,HS,31,год,2025,выгрузка,2026-10-01..2026-10-01
"# мировой итог, USD",108347437351,масса известна у доли стоимости,0.0,"мировой тоннаж, т",
rank,iso2,m49,method,usd,tonnes,share_usd,share_t,importers_used_for_mirror
1,RU,643,mirror,17754340013,,0.16386,,84
2,MA,504,reported,15393246900,,0.14207,,
3,CN,156,reported,13487839095,,0.12449,,
4,CA,124,reported,7333685229,,0.06769,,
5,SA,682,reported,6851680984,,0.06324,,
6,US,842,reported,5046168885,,0.04657,,
7,NL,528,reported,2821646877,,0.02604,,
8,DE,276,reported,2695511900,,0.02488,,
9,BE,56,reported,2358159359,,0.02176,,
10,EG,818,reported,2247237657,,0.02074,,
11,NG,566,reported,2172380632,,0.02005,,
12,QA,634,mirror,2086725785,,0.01926,,24
13,IL,376,reported,1689484000,,0.01559,,
14,ES,724,reported,1675562018,,0.01546,,
15,DZ,12,mirror,1478403563,,0.01365,,26
16,PL,616,reported,1474144702,,0.01361,,
17,OM,512,reported,1376071472,,0.0127,,
18,JO,400,mirror,1111672171,,0.01026,,66
19,LT,440,reported,1100109993,,0.01015,,
20,BY,112,mirror,971829359,,0.00897,,32
21,TM,795,mirror,933175586,,0.00861,,33
22,MY,458,reported,886616273,,0.00818,,
23,AE,784,mirror,871021168,,0.00804,,55
24,ID,360,reported,855758112,,0.0079,,
25,IT,380,reported,773783701,,0.00714,,
26,FI,246,reported,773233897,,0.00714,,
27,UZ,860,mirror,697823880,,0.00644,,54
28,TT,780,reported,666873793,,0.00615,,
29,TR,792,reported,650379606,,0.006,,
30,FR,251,reported,576203761,,0.00532,,
31,AT,40,reported,529578629,,0.00489,,
32,ZA,710,reported,513368403,,0.00474,,
33,BG,100,reported,487113734,,0.0045,,
34,KR,410,reported,447225637,,0.00413,,
35,AU,36,reported,439579703,,0.00406,,
36,SK,703,reported,435262891,,0.00402,,
37,BN,96,reported,432070556,,0.00399,,
38,GB,826,reported,425153696,,0.00392,,
39,CL,152,reported,391402690,,0.00361,,
40,GR,300,reported,359172220,,0.00332,,
41,MX,484,reported,358103138,,0.00331,,
42,KZ,398,reported,317084538,,0.00293,,
43,BR,76,reported,315097070,,0.00291,,
44,SE,752,reported,310111596,,0.00286,,
45,RS,688,reported,273630143,,0.00253,,
46,HU,348,reported,242081239,,0.00223,,
47,PT,620,reported,233594851,,0.00216,,
48,CZ,203,reported,231548631,,0.00214,,
49,RO,642,reported,227766536,,0.0021,,
50,TH,764,reported,218183580,,0.00201,,
51,HR,191,reported,184652772,,0.0017,,
52,VE,862,mirror,175393463,,0.00162,,4
53,AZ,31,reported,171837957,,0.00159,,
54,BO,68,reported,165871762,,0.00153,,
55,JP,392,reported,140141537,,0.00129,,
56,GE,268,reported,132775359,,0.00123,,
57,IN,699,reported,120681527,,0.00111,,
58,LV,428,reported,93539278,,0.00086,,
59,IE,372,reported,92751594,,0.00086,,
60,ZM,894,mirror,88573319,,0.00082,,5
61,CO,170,reported,82842321,,0.00076,,
62,IR,364,mirror,82229788,,0.00076,,20
63,CI,384,reported,78772102,,0.00073,,
64,SI,705,reported,71110177,,0.00066,,
65,GT,320,reported,66297039,,0.00061,,
66,TZ,834,reported,64849788,,0.0006,,
67,KE,404,reported,60366538,,0.00056,,
68,GH,288,reported,57578895,,0.00053,,
69,LY,434,mirror,47434365,,0.00044,,6
70,MZ,508,reported,45460072,,0.00042,,
71,DO,214,reported,42938967,,0.0004,,
72,NO,579,reported,35873940,,0.00033,,
73,PE,604,mirror,27000540,,0.00025,,21
74,PH,608,reported,26767985,,0.00025,,
75,DK,208,reported,25330589,,0.00023,,
76,AR,32,reported,25281959,,0.00023,,
77,SV,222,reported,17962382,,0.00017,,
78,SG,702,reported,15734347,,0.00015,,
79,UA,804,mirror,14695002,,0.00014,,43
80,EE,233,reported,14084647,,0.00013,,
81,CH,757,reported,11343798,,0.0001,,
82,LU,442,reported,10795100,,0.0001,,
83,UY,858,reported,10422010,,0.0001,,
84,MK,807,reported,7724678,,7e-05,,
85,PA,591,reported,6842239,,6e-05,,
86,GY,328,reported,5726870,,5e-05,,
87,EC,218,reported,4967140,,5e-05,,
88,NZ,554,reported,3538114,,3e-05,,
89,PY,600,reported,3223271,,3e-05,,
90,MW,454,reported,3087197,,3e-05,,
91,HK,344,reported,3082015,,3e-05,,
92,TG,768,reported,1914050,,2e-05,,
93,BA,70,reported,1689780,,2e-05,,
94,UG,800,reported,991317,,1e-05,,
95,SR,740,reported,959431,,1e-05,,
96,LK,144,reported,951636,,1e-05,,
97,KW,414,reported,837162,,1e-05,,
98,KG,417,reported,680094,,1e-05,,
99,IQ,368,mirror,496653,,0.0,,4
100,CY,196,reported,396717,,0.0,,
101,MU,480,reported,246569,,0.0,,
102,JM,388,reported,208759,,0.0,,
103,AM,51,reported,167325,,0.0,,
104,MD,498,reported,113860,,0.0,,
105,FJ,242,reported,86320,,0.0,,
106,MN,496,mirror,63374,,0.0,,1
107,IS,352,reported,52525,,0.0,,
108,AO,24,reported,37997,,0.0,,
109,ME,499,reported,22542,,0.0,,
110,CD,180,mirror,18402,,0.0,,1
111,BB,52,reported,11088,,0.0,,
112,FO,234,reported,7553,,0.0,,
113,CG,178,mirror,1905,,0.0,,2
114,BZ,84,reported,2,,0.0,,
