# рынок,Золото: физическая торговля,HS,7108,год,2025,выгрузка,2026-10-01..2026-10-01
"# мировой итог, USD",912370795872,масса известна у доли стоимости,0.809,"мировой тоннаж, т",
rank,iso2,m49,method,usd,tonnes,share_usd,share_t,importers_used_for_mirror
1,CH,757,reported,195820256219,1815,0.21463,,
2,AE,784,mirror,115430959461,1043,0.12652,,47
3,US,842,reported,80582976776,777,0.08832,,
4,HK,344,reported,80373354404,739,0.08809,,
5,GB,826,reported,79793419685,812,0.08746,,
6,AU,36,reported,38361551709,,0.04205,,
7,CA,124,reported,38118843627,349,0.04178,,
8,CN,156,reported,25326167058,,0.02776,,
9,JP,392,reported,25281877194,,0.02771,,
10,GH,288,reported,20169057073,206,0.02211,,
11,RU,643,mirror,18524181032,,0.0203,,11
12,SG,702,reported,18223154228,177,0.01997,,
13,DE,276,reported,16959065514,172,0.01859,,
14,UZ,860,mirror,15314092310,152,0.01678,,8
15,PE,604,mirror,15221539990,330,0.01668,,10
16,TH,764,reported,13006307490,,0.01426,,
17,IT,380,reported,12362145246,,0.01355,,
18,ZA,710,reported,9177799760,,0.01006,,
19,EG,818,reported,7602332105,80,0.00833,,
20,BR,76,reported,6578636950,73,0.00721,,
21,UG,800,reported,6399047334,,0.00701,,
22,FR,251,reported,5698414668,,0.00625,,
23,ES,724,reported,4766031796,,0.00522,,
24,TZ,834,reported,4753937821,,0.00521,,
25,CI,384,reported,4696907908,59,0.00515,,
26,CO,170,reported,4615648164,57,0.00506,,
27,AT,40,reported,4137867790,38,0.00454,,
28,MX,484,reported,3665470727,,0.00402,,
29,SA,682,reported,3117440695,28,0.00342,,
30,TR,792,reported,3058984649,,0.00335,,
31,CL,152,reported,3056413102,29,0.00335,,
32,KR,410,reported,2702948917,34,0.00296,,
33,BE,56,reported,2586281180,70,0.00283,,
34,DO,214,reported,2467231427,73,0.0027,,
35,ID,360,reported,2182535238,20,0.00239,,
36,AR,32,reported,2121367707,159,0.00233,,
37,PH,608,reported,1945175485,64,0.00213,,
38,MY,458,reported,1810499524,,0.00198,,
39,GY,328,reported,1613822949,15,0.00177,,
40,SR,740,reported,1609686265,15,0.00176,,
41,AM,51,reported,1350614552,14,0.00148,,
42,BO,68,reported,1185733697,10,0.0013,,
43,EC,218,reported,1138548659,14,0.00125,,
44,NZ,554,reported,1066077807,19,0.00117,,
45,SE,752,reported,1034942630,10,0.00113,,
46,IN,699,reported,855206635,,0.00094,,
47,KG,417,reported,682865294,6,0.00075,,
48,KZ,398,reported,617416476,6,0.00068,,
49,KW,414,reported,469380656,4,0.00051,,
50,NL,528,reported,464258739,,0.00051,,
51,EE,233,reported,401562838,4,0.00044,,
52,PT,620,reported,361675287,3,0.0004,,
53,PL,616,reported,346889699,5,0.00038,,
54,NO,579,reported,344988756,,0.00038,,
55,RO,642,reported,329047175,5,0.00036,,
56,AZ,31,reported,326197939,5,0.00036,,
57,LU,442,reported,267555478,7,0.00029,,
58,OM,512,reported,256620925,3,0.00028,,
59,NG,566,reported,230716648,,0.00025,,
60,HR,191,reported,160864984,2,0.00018,,
61,CZ,203,reported,155895653,,0.00017,,
62,PA,591,reported,143339953,2,0.00016,,
63,GE,268,reported,122349181,2,0.00013,,
64,FJ,242,reported,111412405,,0.00012,,
65,KE,404,reported,107949789,2,0.00012,,
66,SI,705,reported,75404040,1,8e-05,,
67,BG,100,reported,64399228,3,7e-05,,
68,HU,348,reported,62780716,8,7e-05,,
69,MA,504,reported,59185735,1,6e-05,,
70,SK,703,reported,37539841,,4e-05,,
71,DK,208,reported,36315987,,4e-05,,
72,MT,470,reported,35438313,0,4e-05,,
73,MZ,508,reported,33353696,0,4e-05,,
74,PY,600,reported,31176644,0,3e-05,,
75,IE,372,reported,25492388,,3e-05,,
76,RS,688,reported,24692992,0,3e-05,,
77,IL,376,reported,22139000,,2e-05,,
78,CY,196,reported,20456447,0,2e-05,,
79,LV,428,reported,11891952,0,1e-05,,
80,GR,300,reported,11718880,,1e-05,,
81,AD,20,reported,8495070,0,1e-05,,
82,LT,440,reported,8272410,0,1e-05,,
83,UY,858,reported,6769302,0,1e-05,,
84,AO,24,reported,6345898,0,1e-05,,
85,FI,246,reported,5756491,,1e-05,,
86,GT,320,reported,4046754,,0.0,,
87,BN,96,reported,3596645,0,0.0,,
88,MO,446,reported,3576727,0,0.0,,
89,MU,480,reported,2900758,0,0.0,,
90,MD,498,reported,1598496,0,0.0,,
91,BA,70,reported,1383773,0,0.0,,
92,PF,258,reported,422863,0,0.0,,
93,SS,728,reported,72000,,0.0,,
94,LK,144,reported,27293,0,0.0,,
95,IS,352,reported,1943,0,0.0,,
96,PK,586,reported,546,0,0.0,,
97,BT,64,reported,6,,0.0,,
