# рынок,Железная руда,HS,2601,год,2025,выгрузка,2026-10-01..2026-10-01
"# мировой итог, USD",140176570465,масса известна у доли стоимости,0.202,"мировой тоннаж, т",
rank,iso2,m49,method,usd,tonnes,share_usd,share_t,importers_used_for_mirror
1,AU,36,reported,77983707529,,0.55632,,
2,BR,76,reported,28960722968,,0.2066,,
3,ZA,710,reported,6134701982,65749506,0.04376,,
4,CA,124,reported,6061350400,61642303,0.04324,,
5,UA,804,mirror,3182448204,28422939,0.0227,,15
6,SE,752,reported,2744612186,,0.01958,,
7,CN,156,reported,2272746003,21823817,0.01621,,
8,PE,604,mirror,2039755354,17726222,0.01455,,14
9,IN,699,reported,1833005789,,0.01308,,
10,OM,512,reported,1459630533,10658714,0.01041,,
11,RU,643,mirror,1358096427,13588846,0.00969,,5
12,CL,152,reported,1288125600,14455627,0.00919,,
13,MR,478,mirror,1234383170,12456314,0.00881,,14
14,MY,458,reported,1188647695,20049073,0.00848,,
15,KZ,398,reported,701227399,10728981,0.005,,
16,US,842,reported,527426680,5196611,0.00376,,
17,PH,608,reported,394183172,7016460,0.00281,,
18,TR,792,reported,134149979,,0.00096,,
19,NZ,554,reported,133533785,2959835,0.00095,,
20,NO,579,reported,131977020,1982408,0.00094,,
21,DE,276,reported,129845737,1032821,0.00093,,
22,NL,528,reported,83842510,,0.0006,,
23,PK,586,reported,51731787,929500,0.00037,,
24,HU,348,reported,31648807,174757,0.00023,,
25,FR,251,reported,26171905,,0.00019,,
26,SK,703,reported,18890877,163984,0.00013,,
27,KR,410,reported,13243215,,9e-05,,
28,TH,764,reported,12855027,,9e-05,,
29,BO,68,reported,9294908,91729,7e-05,,
30,MA,504,reported,8569167,150946,6e-05,,
31,EG,818,reported,6313504,89708,5e-05,,
32,RO,642,reported,3739840,60484,3e-05,,
33,FJ,242,reported,2787218,87,2e-05,,
34,ES,724,reported,2391007,,2e-05,,
35,RS,688,reported,1720102,3277,1e-05,,
36,BG,100,reported,1493057,48643,1e-05,,
37,GB,826,reported,1406556,,1e-05,,
38,IT,380,reported,1204403,,1e-05,,
39,BE,56,reported,1104527,15606,1e-05,,
40,MK,807,reported,812732,2086,1e-05,,
41,SA,682,reported,755106,20023,1e-05,,
42,KE,404,reported,314542,,0.0,,
43,PL,616,reported,254072,1367,0.0,,
44,GE,268,reported,250357,2770,0.0,,
45,JP,392,reported,240375,316,0.0,,
46,NG,566,reported,235190,1840,0.0,,
47,CZ,203,reported,218035,10316,0.0,,
48,MM,104,reported,181440,1008,0.0,,
49,BA,70,reported,145612,7013,0.0,,
50,HK,344,reported,121511,160,0.0,,
51,CH,757,reported,101806,,0.0,,
52,IL,376,reported,83000,1183,0.0,,
53,EE,233,reported,67331,,0.0,,
54,TZ,834,reported,43722,104,0.0,,
55,GT,320,reported,27662,16,0.0,,
56,SI,705,reported,10645,24,0.0,,
57,GR,300,reported,9525,0,0.0,,
58,UY,858,reported,3476,1,0.0,,
59,AT,40,reported,3131,2,0.0,,
60,AO,24,reported,1590,,0.0,,
61,SG,702,reported,1416,,0.0,,
62,DK,208,reported,1054,0,0.0,,
63,FI,246,reported,850,5,0.0,,
64,LV,428,reported,192,3,0.0,,
65,MW,454,reported,41,0,0.0,,
66,IE,372,reported,23,0,0.0,,
67,MZ,508,reported,3,0,0.0,,
