# рынок,СПГ,HS,271111,год,2025,выгрузка,2026-10-01..2026-10-01
"# мировой итог, USD",184317701816,масса известна у доли стоимости,0.964,"мировой тоннаж, т",311781301
rank,iso2,m49,method,usd,tonnes,share_usd,share_t,importers_used_for_mirror
1,US,842,reported,44598360633,61750294,0.24196,0.19806,
2,AU,36,reported,38452443790,78321879,0.20862,0.25121,
3,QA,634,mirror,32743964597,59679917,0.17765,0.19142,17
4,RU,643,mirror,17948828194,31729693,0.09738,0.10177,14
5,MY,458,reported,12076114376,26706512,0.06552,0.08566,
6,ID,360,reported,5556482226,10888885,0.03015,0.03492,
7,OM,512,reported,5247066231,7265018,0.02847,0.0233,
8,NG,566,reported,4932501838,,0.02676,,
9,DZ,12,mirror,4374205531,7173240,0.02373,0.02301,9
10,AO,24,reported,3036523237,5220875,0.01647,0.01675,
11,AE,784,mirror,2713130127,4556338,0.01472,0.01461,8
12,BN,96,reported,2212120603,4857241,0.012,0.01558,
13,PE,604,mirror,1898182210,3348050,0.0103,0.01074,11
14,NO,579,reported,1655349964,3112909,0.00898,0.00998,
15,TT,780,reported,1605671555,,0.00871,,
16,CN,156,reported,1168835253,1758958,0.00634,0.00564,
17,CA,124,mirror,972048534,1721907,0.00527,0.00552,3
18,MZ,508,reported,774937875,236841,0.0042,0.00076,
19,NL,528,reported,554783825,803711,0.00301,0.00258,
20,ES,724,reported,318554961,499093,0.00173,0.0016,
21,SG,702,reported,267996113,375543,0.00145,0.0012,
22,EG,818,reported,253165000,350529,0.00137,0.00112,
23,CG,178,mirror,195932556,321699,0.00106,0.00103,5
24,IQ,368,mirror,128219129,217014,0.0007,0.0007,1
25,GN,324,mirror,119366528,244360,0.00065,0.00078,2
26,IT,380,reported,76693350,122806,0.00042,0.00039,
27,BE,56,reported,65560691,78345,0.00036,0.00025,
28,BR,76,reported,62180490,,0.00034,,
29,LT,440,reported,56974110,75685,0.00031,0.00024,
30,GR,300,reported,37267095,49501,0.0002,0.00016,
31,FI,246,reported,35215182,55143,0.00019,0.00018,
32,CL,152,reported,31033630,67565,0.00017,0.00022,
33,JM,388,reported,29885340,56497,0.00016,0.00018,
34,FR,251,reported,29315243,40589,0.00016,0.00013,
35,ZA,710,reported,18921420,24490,0.0001,8e-05,
36,KR,410,reported,16419800,,9e-05,,
37,CZ,203,reported,16271285,22529,9e-05,7e-05,
38,IN,699,reported,15808303,20285,9e-05,7e-05,
39,DE,276,reported,8244903,11592,4e-05,4e-05,
40,EE,233,reported,5857443,7225,3e-05,2e-05,
41,SE,752,reported,4568588,5383,2e-05,2e-05,
42,TH,764,reported,1433918,1615,1e-05,1e-05,
43,HR,191,reported,1116366,1382,1e-05,0.0,
44,MW,454,reported,76905,73,0.0,0.0,
45,GB,826,reported,37985,44,0.0,0.0,
46,FJ,242,reported,14132,18,0.0,0.0,
47,RS,688,reported,12718,18,0.0,0.0,
48,CH,757,reported,7821,9,0.0,0.0,
49,CI,384,reported,212,0,0.0,0.0,
