# рынок,Никель,HS,7502,год,2025,выгрузка,2026-10-01..2026-10-01
"# мировой итог, USD",13763708500,масса известна у доли стоимости,0.938,"мировой тоннаж, т",838106
rank,iso2,m49,method,usd,tonnes,share_usd,share_t,importers_used_for_mirror
1,CN,156,reported,2646829349,174595,0.1923,0.20832,
2,CA,124,reported,1770753880,107761,0.12865,0.12858,
3,RU,643,mirror,1702304813,109685,0.12368,0.13087,20
4,NO,579,reported,1529417492,101082,0.11112,0.12061,
5,ID,360,reported,1354505458,90491,0.09841,0.10797,
6,GB,826,reported,594766898,,0.04321,,
7,FI,246,reported,586552482,42480,0.04262,0.05069,
8,ZA,710,reported,534339695,35011,0.03882,0.04177,
9,NL,528,reported,485542795,30329,0.03528,0.03619,
10,JP,392,reported,455521592,30668,0.0331,0.03659,
11,US,842,reported,403893119,12571,0.02934,0.015,
12,AU,36,reported,375739333,22629,0.0273,0.027,
13,MY,458,reported,259903662,21416,0.01888,0.02555,
14,MG,450,mirror,253726292,16516,0.01843,0.01971,18
15,DE,276,reported,248029565,,0.01802,,
16,SG,702,reported,150359770,8699,0.01092,0.01038,
17,FR,251,reported,120790077,7126,0.00878,0.0085,
18,BE,56,reported,112745646,5051,0.00819,0.00603,
19,IT,380,reported,44629779,2093,0.00324,0.0025,
20,CD,180,mirror,29200170,3000,0.00212,0.00358,1
21,KR,410,reported,19535323,1173,0.00142,0.0014,
22,IN,699,reported,14402020,894,0.00105,0.00107,
23,TR,792,reported,13950161,939,0.00101,0.00112,
24,PL,616,reported,6857308,428,0.0005,0.00051,
25,ES,724,reported,6815860,395,0.0005,0.00047,
26,SE,752,reported,5909630,714,0.00043,0.00085,
27,MA,504,reported,5720014,384,0.00042,0.00046,
28,IL,376,reported,4649000,190,0.00034,0.00023,
29,TH,764,reported,4430156,526,0.00032,0.00063,
30,HK,344,reported,4005353,213,0.00029,0.00025,
31,BR,76,reported,3962416,,0.00029,,
32,AT,40,reported,3817518,212,0.00028,0.00025,
33,KG,417,reported,2380499,6942,0.00017,0.00828,
34,KZ,398,reported,2077746,3284,0.00015,0.00392,
35,SI,705,reported,1772569,89,0.00013,0.00011,
36,RS,688,reported,848085,76,6e-05,9e-05,
37,CZ,203,reported,723409,88,5e-05,0.0001,
38,GR,300,reported,661932,6,5e-05,1e-05,
39,LV,428,reported,325968,109,2e-05,0.00013,
40,CH,757,reported,300546,16,2e-05,2e-05,
41,LU,442,reported,295943,33,2e-05,4e-05,
42,PT,620,reported,183896,9,1e-05,1e-05,
43,RO,642,reported,136068,10,1e-05,1e-05,
44,DK,208,reported,130688,6,1e-05,1e-05,
45,LT,440,reported,91760,84,1e-05,0.0001,
46,SK,703,reported,80510,5,1e-05,1e-05,
47,PH,608,reported,65412,78,0.0,9e-05,
48,CL,152,reported,9918,1,0.0,0.0,
49,HR,191,reported,7623,0,0.0,0.0,
50,IE,372,reported,6117,0,0.0,0.0,
51,SA,682,reported,1883,0,0.0,0.0,
52,CO,170,reported,745,0,0.0,0.0,
53,NZ,554,reported,533,0,0.0,0.0,
54,PK,586,reported,24,0,0.0,0.0,
