# рынок,Трубопроводный газ,HS,271121,год,2025,выгрузка,2026-10-01..2026-10-01
"# мировой итог, USD",163939846365,масса известна у доли стоимости,0.983,"мировой тоннаж, т",273064997
rank,iso2,m49,method,usd,tonnes,share_usd,share_t,importers_used_for_mirror
1,NO,579,reported,52892316344,88236242,0.32263,0.32313,
2,RU,643,mirror,19325883936,31253646,0.11788,0.11445,15
3,BE,56,reported,13054107175,22073795,0.07963,0.08084,
4,DZ,12,mirror,11019324114,20221550,0.06722,0.07405,3
5,CA,124,reported,9023854513,13533253,0.05504,0.04956,
6,US,842,reported,9006965717,13507924,0.05494,0.04947,
7,AZ,31,reported,8821258794,18373697,0.05381,0.06729,
8,TM,795,mirror,8548297844,12638984,0.05214,0.04629,3
9,GB,826,reported,5091001921,9128166,0.03105,0.03343,
10,FR,251,reported,4178310866,6266295,0.02549,0.02295,
11,MM,104,reported,3059366719,4588193,0.01866,0.0168,
12,DE,276,reported,2233109190,5124143,0.01362,0.01877,
13,SA,682,reported,2201317459,4894790,0.01343,0.01793,
14,ID,360,reported,1802240050,3483020,0.01099,0.01276,
15,HU,348,reported,1632011433,2086009,0.00995,0.00764,
16,CN,156,reported,1590589105,,0.0097,,
17,RO,642,reported,1425970135,2164232,0.0087,0.00793,
18,KZ,398,reported,1301169760,1951390,0.00794,0.00715,
19,MZ,508,reported,1192529936,,0.00727,,
20,BO,68,reported,1082414845,3539318,0.0066,0.01296,
21,IT,380,reported,789351770,1308188,0.00481,0.00479,
22,UZ,860,mirror,772145942,1129955,0.00471,0.00414,2
23,AR,32,reported,659232099,2326724,0.00402,0.00852,
24,GR,300,reported,473548265,1024961,0.00289,0.00375,
25,LT,440,reported,429164310,621539,0.00262,0.00228,
26,EE,233,reported,371090859,572307,0.00226,0.0021,
27,AT,40,reported,311186216,536326,0.0019,0.00196,
28,LV,428,reported,306952745,447764,0.00187,0.00164,
29,HR,191,reported,288337639,454336,0.00176,0.00166,
30,PT,620,reported,257725898,446854,0.00157,0.00164,
31,BG,100,reported,201966548,330765,0.00123,0.00121,
32,CZ,203,reported,160806602,262417,0.00098,0.00096,
33,FI,246,reported,157267202,248216,0.00096,0.00091,
34,NL,528,reported,108179254,141754,0.00066,0.00052,
35,ES,724,reported,84580261,,0.00052,,
36,IE,372,reported,20735025,34387,0.00013,0.00013,
37,RS,688,reported,18817276,35074,0.00011,0.00013,
38,SI,705,reported,17807575,23011,0.00011,8e-05,
39,CL,152,reported,13816267,22400,8e-05,8e-05,
40,TH,764,reported,4645604,4336,3e-05,2e-05,
41,BA,70,reported,3425904,3131,2e-05,1e-05,
42,SE,752,reported,2990165,3615,2e-05,1e-05,
43,SK,703,reported,2609513,2936,2e-05,1e-05,
44,NG,566,reported,859515,18714,1e-05,7e-05,
45,JP,392,reported,360604,541,0.0,0.0,
46,IN,699,reported,84462,42,0.0,0.0,
47,SG,702,reported,49873,,0.0,,
48,MY,458,reported,29248,34,0.0,0.0,
49,KE,404,reported,13977,16,0.0,0.0,
50,ZA,710,reported,9622,5,0.0,0.0,
51,AU,36,reported,8148,,0.0,,
52,CH,757,reported,3928,1,0.0,0.0,
53,TZ,834,reported,2674,1,0.0,0.0,
54,BR,76,reported,1256,,0.0,,
55,OM,512,reported,130,0,0.0,0.0,
56,KR,410,reported,82,0,0.0,0.0,
57,MW,454,reported,52,0,0.0,0.0,
