# рынок,Дизель и мазут,HS,271019,год,2025,выгрузка,2026-10-01..2026-10-01
"# мировой итог, USD",486725015934,масса известна у доли стоимости,0.955,"мировой тоннаж, т",665163926
rank,iso2,m49,method,usd,tonnes,share_usd,share_t,importers_used_for_mirror
1,US,842,reported,63933061832,65498212,0.13135,0.09847,
2,NL,528,reported,36743747636,48776047,0.07549,0.07333,
3,IN,699,reported,35736434570,53338782,0.07342,0.08019,
4,CN,156,reported,33358652946,49588923,0.06854,0.07455,
5,KR,410,reported,32003964656,46271958,0.06575,0.06956,
6,SG,702,reported,28733343753,42873025,0.05903,0.06445,
7,RU,643,mirror,25650895025,43859846,0.0527,0.06594,44
8,MY,458,reported,22672795330,39546643,0.04658,0.05945,
9,AE,784,mirror,15793199252,22180386,0.03245,0.03335,97
10,BE,56,reported,13584822018,,0.02791,,
11,DE,276,reported,11893339421,12400643,0.02444,0.01864,
12,TR,792,reported,11247528521,19219351,0.02311,0.02889,
13,ES,724,reported,10205202814,12357647,0.02097,0.01858,
14,BR,76,reported,9785556088,18291713,0.0201,0.0275,
15,CA,124,reported,9492364024,15932087,0.0195,0.02395,
16,FR,251,reported,8855783758,11769660,0.01819,0.01769,
17,IT,380,reported,8761394985,13179054,0.018,0.01981,
18,GR,300,reported,8367481322,12282111,0.01719,0.01846,
19,IQ,368,mirror,7203849904,16864833,0.0148,0.02535,22
20,TW,490,mirror,6270207507,10099321,0.01288,0.01518,78
21,JP,392,reported,5949588480,9304049,0.01222,0.01399,
22,SE,752,reported,5268399417,6602684,0.01082,0.00993,
23,TH,764,reported,5081318955,6977655,0.01044,0.01049,
24,MX,484,reported,4825021514,11053082,0.00991,0.01662,
25,GB,826,reported,4695849671,,0.00965,,
26,QA,634,mirror,4525308014,4989480,0.0093,0.0075,56
27,NG,566,reported,3855407287,27744,0.00792,4e-05,
28,SA,682,reported,3796764535,5858610,0.0078,0.00881,
29,FI,246,reported,3370497591,3952254,0.00692,0.00594,
30,ID,360,reported,3030770583,,0.00623,,
31,DZ,12,mirror,2805547469,5380765,0.00576,0.00809,22
32,AU,36,reported,2627921903,3276532,0.0054,0.00493,
33,PL,616,reported,2484747170,2799343,0.00511,0.00421,
34,PT,620,reported,2371148295,3496772,0.00487,0.00526,
35,CO,170,reported,2261508936,4567432,0.00465,0.00687,
36,BN,96,reported,2171907846,3251995,0.00446,0.00489,
37,LT,440,reported,2071536489,2671875,0.00426,0.00402,
38,DK,208,reported,1942839968,2893861,0.00399,0.00435,
39,NO,579,reported,1749328456,2788857,0.00359,0.00419,
40,HU,348,reported,1530067187,1826102,0.00314,0.00275,
41,SI,705,reported,1412096193,1747052,0.0029,0.00263,
42,TM,795,mirror,1302899013,2370038,0.00268,0.00356,22
43,HR,191,reported,1281013984,1828002,0.00263,0.00275,
44,CI,384,reported,1211071749,1785098,0.00249,0.00268,
45,RO,642,reported,1021605550,1273206,0.0021,0.00191,
46,CH,757,reported,813662430,1075059,0.00167,0.00162,
47,KE,404,reported,804754076,907182,0.00165,0.00136,
48,EC,218,reported,756560951,1868918,0.00155,0.00281,
49,CL,152,reported,696444233,1700484,0.00143,0.00256,
50,BG,100,reported,696320363,835476,0.00143,0.00126,
51,PK,586,reported,692463431,1455183,0.00142,0.00219,
52,MA,504,reported,623040867,596959,0.00128,0.0009,
53,HK,344,reported,621496296,511154,0.00128,0.00077,
54,SK,703,reported,619665172,751509,0.00127,0.00113,
55,KZ,398,reported,616275952,1680128,0.00127,0.00253,
56,CZ,203,reported,606090908,622267,0.00125,0.00094,
57,AT,40,reported,496724258,,0.00102,,
58,CY,196,reported,428984907,494996,0.00088,0.00074,
59,AZ,31,reported,423679121,722424,0.00087,0.00109,
60,LK,144,reported,414435323,658243,0.00085,0.00099,
61,JM,388,reported,401660225,939845,0.00083,0.00141,
62,PH,608,reported,359303538,667975,0.00074,0.001,
63,MT,470,reported,329678057,543721,0.00068,0.00082,
64,AR,32,reported,305536029,551440,0.00063,0.00083,
65,TT,780,reported,304983679,400799,0.00063,0.0006,
66,RS,688,reported,303972262,322981,0.00062,0.00049,
67,IE,372,reported,265840625,464118,0.00055,0.0007,
68,LV,428,reported,258029712,252529,0.00053,0.00038,
69,ZA,710,reported,232790764,116103,0.00048,0.00017,
70,EG,818,reported,212476555,119015,0.00044,0.00018,
71,EE,233,reported,174609188,208372,0.00036,0.00031,
72,GH,288,reported,165630960,153711,0.00034,0.00023,
73,KG,417,reported,122578322,163546,0.00025,0.00025,
74,BB,52,reported,122008022,154511,0.00025,0.00023,
75,TG,768,reported,110512861,115762,0.00023,0.00017,
76,OM,512,reported,107978330,251401,0.00022,0.00038,
77,IS,352,reported,102421661,136062,0.00021,0.0002,
78,SV,222,reported,100039383,47560,0.00021,7e-05,
79,GE,268,reported,80691481,127933,0.00017,0.00019,
80,MK,807,reported,58648974,73207,0.00012,0.00011,
81,FO,234,reported,49850859,65393,0.0001,0.0001,
82,KW,414,reported,48377351,92511,0.0001,0.00014,
83,GT,320,reported,46652821,45338,0.0001,7e-05,
84,ME,499,reported,41734476,43004,9e-05,6e-05,
85,MZ,508,reported,31715290,40108,7e-05,6e-05,
86,BO,68,reported,29059178,25151,6e-05,4e-05,
87,BA,70,reported,26492326,23345,5e-05,4e-05,
88,MM,104,reported,21057249,29399,4e-05,4e-05,
89,BZ,84,reported,20002795,21724,4e-05,3e-05,
90,PA,591,reported,10021507,4707,2e-05,1e-05,
91,UG,800,reported,8874252,4030,2e-05,1e-05,
92,MD,498,reported,7053657,8152,1e-05,1e-05,
93,NZ,554,reported,5612886,11464,1e-05,2e-05,
94,FJ,242,reported,3292499,2746,1e-05,0.0,
95,LU,442,reported,3157045,731,1e-05,0.0,
96,TZ,834,reported,1138121,759,0.0,0.0,
97,GY,328,reported,1087973,948,0.0,0.0,
98,DO,214,reported,497491,88,0.0,0.0,
99,AM,51,reported,479171,55,0.0,0.0,
100,ST,678,reported,302554,316,0.0,0.0,
101,UY,858,reported,284852,103,0.0,0.0,
102,MU,480,reported,148256,,0.0,,
103,SR,740,reported,134816,162,0.0,0.0,
104,MV,462,reported,83475,271,0.0,0.0,
105,PY,600,reported,64985,24,0.0,0.0,
106,SS,728,reported,51048,82,0.0,0.0,
107,MW,454,reported,3788,11,0.0,0.0,
108,BM,60,reported,3306,0,0.0,0.0,
109,TO,776,reported,1234,1,0.0,0.0,
110,AD,20,reported,138,0,0.0,0.0,
