# рынок,Соевые бобы,HS,1201,год,2025,выгрузка,2026-10-01..2026-10-01
"# мировой итог, USD",74087988448,масса известна у доли стоимости,0.997,"мировой тоннаж, т",180375203
rank,iso2,m49,method,usd,tonnes,share_usd,share_t,importers_used_for_mirror
1,BR,76,reported,43535522865,108181060,0.58762,0.59976,
2,US,842,reported,16459153793,39365143,0.22216,0.21824,
3,AR,32,reported,4713315837,11846823,0.06362,0.06568,
4,CA,124,reported,2698237916,5743704,0.03642,0.03184,
5,PY,600,reported,2354409220,6404564,0.03178,0.03551,
6,UY,858,reported,1583108299,3987256,0.02137,0.02211,
7,UA,804,mirror,1457824254,2983709,0.01968,0.01654,30
8,NL,528,reported,169863676,325664,0.00229,0.00181,
9,ZA,710,reported,116096197,,0.00157,,
10,TR,792,reported,96363665,165125,0.0013,0.00092,
11,CN,156,reported,83547659,101520,0.00113,0.00056,
12,HR,191,reported,82280557,163957,0.00111,0.00091,
13,HU,348,reported,74969567,145916,0.00101,0.00081,
14,RO,642,reported,74688198,133485,0.00101,0.00074,
15,AT,40,reported,74246648,76935,0.001,0.00043,
16,PL,616,reported,65864305,133464,0.00089,0.00074,
17,SK,703,reported,63400533,118009,0.00086,0.00065,
18,FR,251,reported,56942539,,0.00077,,
19,BE,56,reported,54198714,80810,0.00073,0.00045,
20,DE,276,reported,45495791,71264,0.00061,0.0004,
21,NG,566,reported,35635183,73111,0.00048,0.00041,
22,TG,768,reported,26065174,48226,0.00035,0.00027,
23,IT,380,reported,25707095,,0.00035,,
24,CZ,203,reported,25183017,43039,0.00034,0.00024,
25,KZ,398,reported,17482503,45975,0.00024,0.00025,
26,BO,68,reported,17157652,49654,0.00023,0.00028,
27,IN,699,reported,11450312,19490,0.00015,0.00011,
28,ES,724,reported,9981138,,0.00013,,
29,UG,800,reported,8383654,14040,0.00011,8e-05,
30,SI,705,reported,8078882,14625,0.00011,8e-05,
31,PT,620,reported,6030048,,8e-05,,
32,MY,458,reported,5788994,9457,8e-05,5e-05,
33,RS,688,reported,5707664,6621,8e-05,4e-05,
34,DK,208,reported,3612932,,5e-05,,
35,CL,152,reported,3133455,,4e-05,,
36,AU,36,reported,2697004,3542,4e-05,2e-05,
37,CI,384,reported,2052079,,3e-05,,
38,TZ,834,reported,1850987,1095,2e-05,1e-05,
39,GH,288,reported,1822657,2986,2e-05,2e-05,
40,BA,70,reported,1441517,2162,2e-05,1e-05,
41,MZ,508,reported,1381845,3040,2e-05,2e-05,
42,MW,454,reported,1159544,1641,2e-05,1e-05,
43,GB,826,reported,1079687,,1e-05,,
44,ID,360,reported,1078186,3125,1e-05,2e-05,
45,SE,752,reported,658670,141,1e-05,0.0,
46,CO,170,reported,479538,1089,1e-05,1e-05,
47,JP,392,reported,469075,273,1e-05,0.0,
48,GR,300,reported,428750,735,1e-05,0.0,
49,HK,344,reported,320070,348,0.0,0.0,
50,CH,757,reported,288999,129,0.0,0.0,
51,EE,233,reported,212290,467,0.0,0.0,
52,TH,764,reported,208872,241,0.0,0.0,
53,IE,372,reported,207452,307,0.0,0.0,
54,MD,498,reported,170898,287,0.0,0.0,
55,MK,807,reported,122917,75,0.0,0.0,
56,EG,818,reported,115285,283,0.0,0.0,
57,KR,410,reported,104943,13,0.0,0.0,
58,BG,100,reported,87562,153,0.0,0.0,
59,LT,440,reported,82570,173,0.0,0.0,
60,KW,414,reported,78311,,0.0,,
61,LV,428,reported,65945,22,0.0,0.0,
62,GT,320,reported,61504,8,0.0,0.0,
63,SG,702,reported,58032,40,0.0,0.0,
64,NO,579,reported,47033,15,0.0,0.0,
65,AO,24,reported,37465,70,0.0,0.0,
66,EC,218,reported,37360,11,0.0,0.0,
67,LK,144,reported,36018,10,0.0,0.0,
68,SA,682,reported,27080,27,0.0,0.0,
69,FI,246,reported,18704,12,0.0,0.0,
70,LU,442,reported,15979,3,0.0,0.0,
71,MU,480,reported,14592,1,0.0,0.0,
72,NZ,554,reported,12355,2,0.0,0.0,
73,KE,404,reported,7980,3,0.0,0.0,
74,MM,104,reported,4196,5,0.0,0.0,
75,BZ,84,reported,4023,5,0.0,0.0,
76,KG,417,reported,3117,5,0.0,0.0,
77,PA,591,reported,2117,0,0.0,0.0,
78,IL,376,reported,2000,5,0.0,0.0,
79,BT,64,reported,1470,2,0.0,0.0,
80,MA,504,reported,1322,0,0.0,0.0,
81,PK,586,reported,1149,3,0.0,0.0,
82,MX,484,reported,443,,0.0,,
83,PH,608,reported,420,1,0.0,0.0,
84,SS,728,reported,300,1,0.0,0.0,
85,AM,51,reported,111,0,0.0,0.0,
86,IS,352,reported,70,0,0.0,0.0,
87,GY,328,reported,23,0,0.0,0.0,
