# рынок,Обогащённый уран,HS,284420,год,2025,выгрузка,2026-10-02..2026-10-02
"# мировой итог, USD",9789012580,масса известна у доли стоимости,0.644,"мировой тоннаж, т",
rank,iso2,m49,method,usd,tonnes,share_usd,share_t,importers_used_for_mirror
1,RU,643,mirror,3229677328,,0.32993,,10
2,FR,251,reported,3018599218,1334,0.30837,,
3,NL,528,reported,1712253318,743,0.17492,,
4,DE,276,reported,1399254257,631,0.14294,,
5,CN,156,reported,256070877,,0.02616,,
6,US,842,reported,133608378,63,0.01365,,
7,SE,752,reported,17827174,7,0.00182,,
8,UZ,860,mirror,13822380,3,0.00141,,1
9,KZ,398,reported,6606249,81,0.00067,,
10,GB,826,reported,1010496,,0.0001,,
11,ES,724,reported,105666,0,1e-05,,
12,AU,36,reported,70649,2,1e-05,,
13,IL,376,reported,39000,0,0.0,,
14,AE,784,mirror,23155,0,0.0,,2
15,ZA,710,reported,21417,,0.0,,
16,LT,440,reported,12390,,0.0,,
17,CA,124,reported,7590,0,0.0,,
18,BE,56,reported,2105,,0.0,,
19,CH,757,reported,262,0,0.0,,
20,TT,780,reported,151,,0.0,,
21,CZ,203,reported,144,0,0.0,,
22,DK,208,reported,138,0,0.0,,
23,KE,404,reported,100,,0.0,,
24,OM,512,reported,99,,0.0,,
25,IN,699,reported,39,0,0.0,,
26,ID,360,reported,1,,0.0,,
