# рынок,Пшеница,HS,1001,год,2025,выгрузка,2026-10-01..2026-10-01
"# мировой итог, USD",48466422007,масса известна у доли стоимости,0.978,"мировой тоннаж, т",185133957
rank,iso2,m49,method,usd,tonnes,share_usd,share_t,importers_used_for_mirror
1,CA,124,reported,8087071534,29913904,0.16686,0.16158,
2,AU,36,reported,6367302636,24771180,0.13138,0.1338,
3,US,842,reported,6356704427,25060936,0.13116,0.13537,
4,RU,643,mirror,6204568747,21347042,0.12802,0.11531,27
5,FR,251,reported,3492908357,14403734,0.07207,0.0778,
6,AR,32,reported,2526210978,11152321,0.05212,0.06024,
7,UA,804,mirror,2098925589,7354576,0.04331,0.03973,33
8,RO,642,reported,2089665057,8487459,0.04312,0.04584,
9,KZ,398,reported,1641360383,8199387,0.03387,0.04429,
10,BG,100,reported,1382315137,5733085,0.02852,0.03097,
11,DE,276,reported,1310496467,5085745,0.02704,0.02747,
12,PL,616,reported,962120864,3894291,0.01985,0.02103,
13,LT,440,reported,819751054,3465844,0.01691,0.01872,
14,HU,348,reported,603626651,,0.01245,,
15,LV,428,reported,585466466,2544248,0.01208,0.01374,
16,BR,76,reported,527450632,2321241,0.01088,0.01254,
17,CZ,203,reported,464251574,1905437,0.00958,0.01029,
18,TR,792,reported,390284273,1340209,0.00805,0.00724,
19,SK,703,reported,291778518,1051561,0.00602,0.00568,
20,UY,858,reported,247994654,1092374,0.00512,0.0059,
21,RS,688,reported,247481615,1067417,0.00511,0.00577,
22,AT,40,reported,187821591,520272,0.00388,0.00281,
23,MD,498,reported,180896084,815104,0.00373,0.0044,
24,SE,752,reported,173707930,724850,0.00358,0.00392,
25,GR,300,reported,168622471,536530,0.00348,0.0029,
26,HR,191,reported,142584947,576590,0.00294,0.00311,
27,EE,233,reported,126708934,554917,0.00261,0.003,
28,PY,600,reported,121161362,526653,0.0025,0.00284,
29,DK,208,reported,100952542,,0.00208,,
30,BE,56,reported,94553320,316708,0.00195,0.00171,
31,ZA,710,reported,87802081,,0.00181,,
32,ES,724,reported,78595945,,0.00162,,
33,IT,380,reported,77404724,,0.0016,,
34,NL,528,reported,56752065,,0.00117,,
35,GB,826,reported,56498903,,0.00117,,
36,SI,705,reported,25709304,94140,0.00053,0.00051,
37,FI,246,reported,18303917,71506,0.00038,0.00039,
38,OM,512,reported,11258440,31598,0.00023,0.00017,
39,IE,372,reported,10622262,38423,0.00022,0.00021,
40,LU,442,reported,8233640,21140,0.00017,0.00011,
41,MZ,508,reported,6419568,11780,0.00013,6e-05,
42,IN,699,reported,6398446,17340,0.00013,9e-05,
43,LK,144,reported,5119460,16113,0.00011,9e-05,
44,BA,70,reported,4871622,17283,0.0001,9e-05,
45,MK,807,reported,3502381,14223,7e-05,8e-05,
46,CN,156,reported,3253552,9959,7e-05,5e-05,
47,GE,268,reported,2092158,7510,4e-05,4e-05,
48,KE,404,reported,1830174,1878,4e-05,1e-05,
49,PT,620,reported,1492298,4830,3e-05,3e-05,
50,EG,818,reported,1297099,4028,3e-05,2e-05,
51,SV,222,reported,1072560,2754,2e-05,1e-05,
52,GT,320,reported,858108,1922,2e-05,1e-05,
53,TZ,834,reported,688203,1542,1e-05,1e-05,
54,AO,24,reported,380728,639,1e-05,0.0,
55,MY,458,reported,304956,635,1e-05,0.0,
56,AM,51,reported,253535,75,1e-05,0.0,
57,CH,757,reported,185653,156,0.0,0.0,
58,CI,384,reported,123124,394,0.0,0.0,
59,ID,360,reported,86860,20,0.0,0.0,
60,NZ,554,reported,70739,36,0.0,0.0,
61,IL,376,reported,38000,149,0.0,0.0,
62,NO,579,reported,27219,22,0.0,0.0,
63,TH,764,reported,23778,11,0.0,0.0,
64,DO,214,reported,21524,15,0.0,0.0,
65,SA,682,reported,21333,20,0.0,0.0,
66,ME,499,reported,19188,76,0.0,0.0,
67,GY,328,reported,13327,8,0.0,0.0,
68,TG,768,reported,13312,102,0.0,0.0,
69,SG,702,reported,6158,7,0.0,0.0,
70,KR,410,reported,3705,0,0.0,0.0,
71,UG,800,reported,2874,10,0.0,0.0,
72,JP,392,reported,2155,1,0.0,0.0,
73,CO,170,reported,985,1,0.0,0.0,
74,CY,196,reported,653,1,0.0,0.0,
75,HK,344,reported,199,0,0.0,0.0,
76,MA,504,reported,122,0,0.0,0.0,
77,AD,20,reported,58,,0.0,,
78,GH,288,reported,57,0,0.0,0.0,
79,MU,480,reported,26,0,0.0,0.0,
80,MW,454,reported,20,,0.0,,
81,IS,352,reported,11,0,0.0,0.0,
82,BT,64,reported,2,0,0.0,0.0,
